<?xml version="1.0" encoding="UTF-8"?>
<project xmlns="http://www.netbeans.org/ns/project/1">
    <type>org.netbeans.modules.apisupport.project</type>
    <configuration>
        <data xmlns="http://www.netbeans.org/ns/nb-module-project/3">
            <code-name-base>net.clementlevallois.roledetector</code-name-base>
            <suite-component/>
            <module-dependencies>
                <dependency>
                    <code-name-base>org.gephi.core.library.wrapper</code-name-base>
                    <build-prerequisite/>
                    <compile-dependency/>
                    <run-dependency>
                        <specification-version>0.8.2</specification-version>
                    </run-dependency>
                </dependency>
                <dependency>
                    <code-name-base>org.gephi.data.attributes.api</code-name-base>
                    <build-prerequisite/>
                    <compile-dependency/>
                    <run-dependency>
                        <specification-version>0.8.0.6</specification-version>
                    </run-dependency>
                </dependency>
                <dependency>
                    <code-name-base>org.gephi.datalab.api</code-name-base>
                    <build-prerequisite/>
                    <compile-dependency/>
                    <run-dependency>
                        <specification-version>0.8.2</specification-version>
                    </run-dependency>
                </dependency>
                <dependency>
                    <code-name-base>org.gephi.filters.api</code-name-base>
                    <build-prerequisite/>
                    <compile-dependency/>
                    <run-dependency>
                        <specification-version>0.8.2</specification-version>
                    </run-dependency>
                </dependency>
                <dependency>
                    <code-name-base>org.gephi.filters.plugin</code-name-base>
                    <build-prerequisite/>
                    <compile-dependency/>
                    <run-dependency>
                        <specification-version>0.8.2</specification-version>
                    </run-dependency>
                </dependency>
                <dependency>
                    <code-name-base>org.gephi.graph.api</code-name-base>
                    <build-prerequisite/>
                    <compile-dependency/>
                    <run-dependency>
                        <specification-version>0.8</specification-version>
                    </run-dependency>
                </dependency>
                <dependency>
                    <code-name-base>org.gephi.layout.api</code-name-base>
                    <build-prerequisite/>
                    <compile-dependency/>
                    <run-dependency>
                        <specification-version>0.8.2</specification-version>
                    </run-dependency>
                </dependency>
                <dependency>
                    <code-name-base>org.gephi.layout.plugin</code-name-base>
                    <build-prerequisite/>
                    <compile-dependency/>
                    <run-dependency>
                        <specification-version>0.8.2</specification-version>
                    </run-dependency>
                </dependency>
                <dependency>
                    <code-name-base>org.gephi.partition.api</code-name-base>
                    <build-prerequisite/>
                    <compile-dependency/>
                    <run-dependency>
                        <specification-version>0.8.2</specification-version>
                    </run-dependency>
                </dependency>
                <dependency>
                    <code-name-base>org.gephi.partition.plugin</code-name-base>
                    <build-prerequisite/>
                    <compile-dependency/>
                    <run-dependency>
                        <specification-version>0.8.2</specification-version>
                    </run-dependency>
                </dependency>
                <dependency>
                    <code-name-base>org.gephi.ranking.api</code-name-base>
                    <build-prerequisite/>
                    <compile-dependency/>
                    <run-dependency>
                        <specification-version>0.8.2</specification-version>
                    </run-dependency>
                </dependency>
                <dependency>
                    <code-name-base>org.gephi.ranking.plugin</code-name-base>
                    <build-prerequisite/>
                    <compile-dependency/>
                    <run-dependency>
                        <specification-version>0.8.2</specification-version>
                    </run-dependency>
                </dependency>
                <dependency>
                    <code-name-base>org.gephi.statistics.api</code-name-base>
                    <build-prerequisite/>
                    <compile-dependency/>
                    <run-dependency>
                        <specification-version>0.8</specification-version>
                    </run-dependency>
                </dependency>
                <dependency>
                    <code-name-base>org.gephi.statistics.plugin</code-name-base>
                    <build-prerequisite/>
                    <compile-dependency/>
                    <run-dependency>
                        <specification-version>0.8.2</specification-version>
                    </run-dependency>
                </dependency>
                <dependency>
                    <code-name-base>org.gephi.tools.api</code-name-base>
                    <build-prerequisite/>
                    <compile-dependency/>
                    <run-dependency>
                        <specification-version>0.8.2</specification-version>
                    </run-dependency>
                </dependency>
                <dependency>
                    <code-name-base>org.gephi.ui.library.wrapper</code-name-base>
                    <build-prerequisite/>
                    <compile-dependency/>
                    <run-dependency>
                        <specification-version>0.8.2</specification-version>
                    </run-dependency>
                </dependency>
                <dependency>
                    <code-name-base>org.gephi.utils.longtask</code-name-base>
                    <build-prerequisite/>
                    <compile-dependency/>
                    <run-dependency>
                        <specification-version>0.8</specification-version>
                    </run-dependency>
                </dependency>
                <dependency>
                    <code-name-base>org.gephi.visualization</code-name-base>
                    <build-prerequisite/>
                    <compile-dependency/>
                    <run-dependency>
                        <specification-version>0.8.2</specification-version>
                    </run-dependency>
                </dependency>
                <dependency>
                    <code-name-base>org.gephi.visualization.api</code-name-base>
                    <build-prerequisite/>
                    <compile-dependency/>
                    <run-dependency>
                        <specification-version>0.8.2</specification-version>
                    </run-dependency>
                </dependency>
                <dependency>
                    <code-name-base>org.netbeans.modules.settings</code-name-base>
                    <build-prerequisite/>
                    <compile-dependency/>
                    <run-dependency>
                        <release-version>1</release-version>
                        <specification-version>1.35.1</specification-version>
                    </run-dependency>
                </dependency>
                <dependency>
                    <code-name-base>org.openide.awt</code-name-base>
                    <build-prerequisite/>
                    <compile-dependency/>
                    <run-dependency>
                        <specification-version>7.46.1</specification-version>
                    </run-dependency>
                </dependency>
                <dependency>
                    <code-name-base>org.openide.util</code-name-base>
                    <build-prerequisite/>
                    <compile-dependency/>
                    <run-dependency>
                        <specification-version>8.25.2</specification-version>
                    </run-dependency>
                </dependency>
                <dependency>
                    <code-name-base>org.openide.util.lookup</code-name-base>
                    <build-prerequisite/>
                    <compile-dependency/>
                    <run-dependency>
                        <specification-version>8.3.1</specification-version>
                    </run-dependency>
                </dependency>
                <dependency>
                    <code-name-base>org.openide.windows</code-name-base>
                    <build-prerequisite/>
                    <compile-dependency/>
                    <run-dependency>
                        <specification-version>6.55.2</specification-version>
                    </run-dependency>
                </dependency>
            </module-dependencies>
            <public-packages>
                <package>net.arnx.jsonic</package>
                <package>net.arnx.jsonic.io</package>
                <package>net.arnx.jsonic.parse</package>
                <package>net.arnx.jsonic.util</package>
                <package>net.arnx.jsonic.web</package>
                <package>net.arnx.jsonic.web.extension</package>
                <package>org.apache.commons.io</package>
                <package>org.apache.commons.io.comparator</package>
                <package>org.apache.commons.io.filefilter</package>
                <package>org.apache.commons.io.input</package>
                <package>org.apache.commons.io.monitor</package>
                <package>org.apache.commons.io.output</package>
            </public-packages>
            <class-path-extension>
                <runtime-relative-path>ext/commons-io-2.4.jar</runtime-relative-path>
                <binary-origin>release/modules/ext/commons-io-2.4.jar</binary-origin>
            </class-path-extension>
            <class-path-extension>
                <runtime-relative-path>ext/jsonic-1.3.0.jar</runtime-relative-path>
                <binary-origin>release/modules/ext/jsonic-1.3.0.jar</binary-origin>
            </class-path-extension>
        </data>
    </configuration>
</project>
